운영주체,권역,지자체,휴양림명,9월 일반예약 오픈일시(복수),오픈일시_상태,근거 규칙,오픈기준(원문발췌),위도,경도,좌표정확도,표준데이터_매칭명,홈페이지
국립,서울인천경기,가평군,유명산 자연휴양림,2025-09-03 09:00; 2025-09-10 09:00; 2025-09-17 09:00,확정,6주 수요일,O  09시  오픈,36.5,127.9,권역중심(추정),,https://www.foresttrip.go.kr/pot/is/fs/selectFcltSrchView.do?hmpgId=FRIP&menuId=002001&searchNm=%EC%9C%A0%EB%AA%85%EC%82%B0%20%EC%9E%90%EC%97%B0%ED%9C%B4%EC%96%91%EB%A6%BC
국립,서울인천경기,양주시,아세안 자연휴양림,2025-09-03 09:00; 2025-09-10 09:00; 2025-09-17 09:00,확정,6주 수요일,O  09시  오픈,37.77382293,126.9421758,정확(표준데이터 일치),아세안자연휴양림,https://www.foresttrip.go.kr/indvz/main.do?hmpgId=0104
국립,서울인천경기,양평군,산음 자연휴양림,2025-09-03 09:00; 2025-09-10 09:00; 2025-09-17 09:00,확정,6주 수요일,O  09시  오픈,36.5,127.9,권역중심(추정),,https://www.foresttrip.go.kr/pot/is/fs/selectFcltSrchView.do?hmpgId=FRIP&menuId=002001&searchNm=%EC%82%B0%EC%9D%8C%20%EC%9E%90%EC%97%B0%ED%9C%B4%EC%96%91%EB%A6%BC
국립,서울인천경기,양평군,중미산 자연휴양림,2025-09-03 09:00; 2025-09-10 09:00; 2025-09-17 09:00,확정,6주 수요일,O  09시  오픈,36.5,127.9,권역중심(추정),,https://www.foresttrip.go.kr/pot/is/fs/selectFcltSrchView.do?hmpgId=FRIP&menuId=002001&searchNm=%EC%A4%91%EB%AF%B8%EC%82%B0%20%EC%9E%90%EC%97%B0%ED%9C%B4%EC%96%91%EB%A6%BC
국립,서울인천경기,중구,무의도 자연휴양림,2025-09-03 09:00; 2025-09-10 09:00; 2025-09-17 09:00,확정,6주 수요일,O  09시  오픈,36.5,127.9,권역중심(추정),,https://www.foresttrip.go.kr/pot/is/fs/selectFcltSrchView.do?hmpgId=FRIP&menuId=002001&searchNm=%EB%AC%B4%EC%9D%98%EB%8F%84%20%EC%9E%90%EC%97%B0%ED%9C%B4%EC%96%91%EB%A6%BC
국립,서울인천경기,포천시,운악산 자연휴양림,2025-09-03 09:00; 2025-09-10 09:00; 2025-09-17 09:00,확정,6주 수요일,O  09시  오픈,36.5,127.9,권역중심(추정),,https://www.foresttrip.go.kr/pot/is/fs/selectFcltSrchView.do?hmpgId=FRIP&menuId=002001&searchNm=%EC%9A%B4%EC%95%85%EC%82%B0%20%EC%9E%90%EC%97%B0%ED%9C%B4%EC%96%91%EB%A6%BC
국립,강원,강릉시,대관령 자연휴양림,2025-09-03 09:00; 2025-09-10 09:00; 2025-09-17 09:00,확정,6주 수요일,O  09시  오픈,37.8228,128.1555,권역중심(추정),,https://www.foresttrip.go.kr/pot/is/fs/selectFcltSrchView.do?hmpgId=FRIP&menuId=002001&searchNm=%EB%8C%80%EA%B4%80%EB%A0%B9%20%EC%9E%90%EC%97%B0%ED%9C%B4%EC%96%91%EB%A6%BC
국립,강원,삼척시,검봉산 자연휴양림,2025-09-03 09:00; 2025-09-10 09:00; 2025-09-17 09:00,확정,6주 수요일,O  09시  오픈,37.8228,128.1555,권역중심(추정),,https://www.foresttrip.go.kr/pot/is/fs/selectFcltSrchView.do?hmpgId=FRIP&menuId=002001&searchNm=%EA%B2%80%EB%B4%89%EC%82%B0%20%EC%9E%90%EC%97%B0%ED%9C%B4%EC%96%91%EB%A6%BC
국립,강원,양양군,미천골 자연휴양림,2025-09-03 09:00; 2025-09-10 09:00; 2025-09-17 09:00,확정,6주 수요일,O  09시  오픈,37.8228,128.1555,권역중심(추정),,https://www.foresttrip.go.kr/pot/is/fs/selectFcltSrchView.do?hmpgId=FRIP&menuId=002001&searchNm=%EB%AF%B8%EC%B2%9C%EA%B3%A8%20%EC%9E%90%EC%97%B0%ED%9C%B4%EC%96%91%EB%A6%BC
국립,강원,원주시,백운산 자연휴양림,2025-09-03 09:00; 2025-09-10 09:00; 2025-09-17 09:00,확정,6주 수요일,O  09시  오픈,35.05164287,127.5985311,정확(표준데이터 일치),백운산자연휴양림,https://bwmt.gwangyang.go.kr
국립,강원,인제군,방태산 자연휴양림,2025-09-03 09:00; 2025-09-10 09:00; 2025-09-17 09:00,확정,6주 수요일,O  09시  오픈,37.8228,128.1555,권역중심(추정),,https://www.foresttrip.go.kr/pot/is/fs/selectFcltSrchView.do?hmpgId=FRIP&menuId=002001&searchNm=%EB%B0%A9%ED%83%9C%EC%82%B0%20%EC%9E%90%EC%97%B0%ED%9C%B4%EC%96%91%EB%A6%BC
국립,강원,인제군,용대 자연휴양림,2025-09-03 09:00; 2025-09-10 09:00; 2025-09-17 09:00,확정,6주 수요일,O  09시  오픈,37.8228,128.1555,권역중심(추정),,https://www.foresttrip.go.kr/pot/is/fs/selectFcltSrchView.do?hmpgId=FRIP&menuId=002001&searchNm=%EC%9A%A9%EB%8C%80%20%EC%9E%90%EC%97%B0%ED%9C%B4%EC%96%91%EB%A6%BC
국립,강원,정선군,가리왕산 자연휴양림,2025-09-03 09:00; 2025-09-10 09:00; 2025-09-17 09:00,확정,6주 수요일,O  09시  오픈,37.8228,128.1555,권역중심(추정),,https://www.foresttrip.go.kr/pot/is/fs/selectFcltSrchView.do?hmpgId=FRIP&menuId=002001&searchNm=%EA%B0%80%EB%A6%AC%EC%99%95%EC%82%B0%20%EC%9E%90%EC%97%B0%ED%9C%B4%EC%96%91%EB%A6%BC
국립,강원,철원군,복주산 자연휴양림,2025-09-03 09:00; 2025-09-10 09:00; 2025-09-17 09:00,확정,6주 수요일,O  09시  오픈,37.8228,128.1555,권역중심(추정),,https://www.foresttrip.go.kr/pot/is/fs/selectFcltSrchView.do?hmpgId=FRIP&menuId=002001&searchNm=%EB%B3%B5%EC%A3%BC%EC%82%B0%20%EC%9E%90%EC%97%B0%ED%9C%B4%EC%96%91%EB%A6%BC
국립,강원,춘천시,용화산 자연휴양림,2025-09-03 09:00; 2025-09-10 09:00; 2025-09-17 09:00,확정,6주 수요일,O  09시  오픈,37.8228,128.1555,권역중심(추정),,https://www.foresttrip.go.kr/pot/is/fs/selectFcltSrchView.do?hmpgId=FRIP&menuId=002001&searchNm=%EC%9A%A9%ED%99%94%EC%82%B0%20%EC%9E%90%EC%97%B0%ED%9C%B4%EC%96%91%EB%A6%BC
국립,강원,평창군,두타산 자연휴양림(평창),2025-09-03 09:00; 2025-09-10 09:00; 2025-09-17 09:00,확정,6주 수요일,O  09시  오픈,37.8228,128.1555,권역중심(추정),,https://www.foresttrip.go.kr/pot/is/fs/selectFcltSrchView.do?hmpgId=FRIP&menuId=002001&searchNm=%EB%91%90%ED%83%80%EC%82%B0%20%EC%9E%90%EC%97%B0%ED%9C%B4%EC%96%91%EB%A6%BC%28%ED%8F%89%EC%B0%BD%29
국립,강원,홍천군,삼봉 자연휴양림,2025-09-03 09:00; 2025-09-10 09:00; 2025-09-17 09:00,확정,6주 수요일,O  09시  오픈,37.8228,128.1555,권역중심(추정),,https://www.foresttrip.go.kr/pot/is/fs/selectFcltSrchView.do?hmpgId=FRIP&menuId=002001&searchNm=%EC%82%BC%EB%B4%89%20%EC%9E%90%EC%97%B0%ED%9C%B4%EC%96%91%EB%A6%BC
국립,강원,화천군,화천숲속 야영장,2025-09-03 09:00; 2025-09-10 09:00; 2025-09-17 09:00,확정,6주 수요일,O  09시  오픈,37.8228,128.1555,권역중심(추정),,https://www.foresttrip.go.kr/pot/is/fs/selectFcltSrchView.do?hmpgId=FRIP&menuId=002001&searchNm=%ED%99%94%EC%B2%9C%EC%88%B2%EC%86%8D%20%EC%95%BC%EC%98%81%EC%9E%A5
국립,강원,횡성군,청태산 자연휴양림,2025-09-03 09:00; 2025-09-10 09:00; 2025-09-17 09:00,확정,6주 수요일,O  09시  오픈,37.8228,128.1555,권역중심(추정),,https://www.foresttrip.go.kr/indvz/main.do?hmpgId=0106
국립,충북,단양군,황정산 자연휴양림,2025-09-03 09:00; 2025-09-10 09:00; 2025-09-17 09:00,확정,6주 수요일,O  09시  오픈,36.6357,127.4913,권역중심(추정),,https://www.foresttrip.go.kr/pot/is/fs/selectFcltSrchView.do?hmpgId=FRIP&menuId=002001&searchNm=%ED%99%A9%EC%A0%95%EC%82%B0%20%EC%9E%90%EC%97%B0%ED%9C%B4%EC%96%91%EB%A6%BC
국립,충북,보은군,속리산 말티재자연휴양림,2025-09-03 09:00; 2025-09-10 09:00; 2025-09-17 09:00,확정,6주 수요일,O  09시  오픈,36.6357,127.4913,권역중심(추정),,https://www.foresttrip.go.kr/pot/is/fs/selectFcltSrchView.do?hmpgId=FRIP&menuId=002001&searchNm=%EC%86%8D%EB%A6%AC%EC%82%B0%20%EB%A7%90%ED%8B%B0%EC%9E%AC%EC%9E%90%EC%97%B0%ED%9C%B4%EC%96%91%EB%A6%BC
국립,충북,청주시 청원구,상당산성 자연휴양림,2025-09-03 09:00; 2025-09-10 09:00; 2025-09-17 09:00,확정,6주 수요일,O  09시  오픈,36.6357,127.4913,권역중심(추정),,https://www.foresttrip.go.kr/pot/is/fs/selectFcltSrchView.do?hmpgId=FRIP&menuId=002001&searchNm=%EC%83%81%EB%8B%B9%EC%82%B0%EC%84%B1%20%EC%9E%90%EC%97%B0%ED%9C%B4%EC%96%91%EB%A6%BC
국립,대전충남,금산군,금산 자연휴양림,2025-09-03 09:00; 2025-09-10 09:00; 2025-09-17 09:00,확정,6주 수요일,O  09시  오픈,36.5,127.9,권역중심(추정),,https://www.foresttrip.go.kr/pot/is/fs/selectFcltSrchView.do?hmpgId=FRIP&menuId=002001&searchNm=%EA%B8%88%EC%82%B0%20%EC%9E%90%EC%97%B0%ED%9C%B4%EC%96%91%EB%A6%BC
국립,대전충남,보령시,오서산 자연휴양림,2025-09-03 09:00; 2025-09-10 09:00; 2025-09-17 09:00,확정,6주 수요일,O  09시  오픈,36.5,127.9,권역중심(추정),,https://www.foresttrip.go.kr/pot/is/fs/selectFcltSrchView.do?hmpgId=FRIP&menuId=002001&searchNm=%EC%98%A4%EC%84%9C%EC%82%B0%20%EC%9E%90%EC%97%B0%ED%9C%B4%EC%96%91%EB%A6%BC
국립,대전충남,서산시,용현 자연휴양림,2025-09-03 09:00; 2025-09-10 09:00; 2025-09-17 09:00,확정,6주 수요일,O  09시  오픈,36.5,127.9,권역중심(추정),,https://www.foresttrip.go.kr/pot/is/fs/selectFcltSrchView.do?hmpgId=FRIP&menuId=002001&searchNm=%EC%9A%A9%ED%98%84%20%EC%9E%90%EC%97%B0%ED%9C%B4%EC%96%91%EB%A6%BC
국립,대전충남,서천군,희리산 자연휴양림,2025-09-03 09:00; 2025-09-10 09:00; 2025-09-17 09:00,확정,6주 수요일,O  09시  오픈,36.5,127.9,권역중심(추정),,https://www.foresttrip.go.kr/pot/is/fs/selectFcltSrchView.do?hmpgId=FRIP&menuId=002001&searchNm=%ED%9D%AC%EB%A6%AC%EC%82%B0%20%EC%9E%90%EC%97%B0%ED%9C%B4%EC%96%91%EB%A6%BC
국립,전북,군산시,신시도자연휴양림,2025-09-03 09:00; 2025-09-10 09:00; 2025-09-17 09:00,확정,6주 수요일,O  09시  오픈,35.7175,127.153,권역중심(추정),,https://foresttrip.go.kr/indvz/main.do?hmpgId=0301
국립,전북,무주군,덕유산 자연휴양림,2025-09-03 09:00; 2025-09-10 09:00; 2025-09-17 09:00,확정,6주 수요일,O  09시  오픈,35.7175,127.153,권역중심(추정),,https://www.foresttrip.go.kr/pot/is/fs/selectFcltSrchView.do?hmpgId=FRIP&menuId=002001&searchNm=%EB%8D%95%EC%9C%A0%EC%82%B0%20%EC%9E%90%EC%97%B0%ED%9C%B4%EC%96%91%EB%A6%BC
국립,전북,부안군,변산 자연휴양림,2025-09-03 09:00; 2025-09-10 09:00; 2025-09-17 09:00,확정,6주 수요일,O  09시  오픈,35.582878,126.523728,정확(표준데이터 일치),변산자연휴양림,https://www.foresttrip.go.kr/indvz/main.do?hmpgId=0189
국립,전북,순창군,회문산 자연휴양림,2025-09-03 09:00; 2025-09-10 09:00; 2025-09-17 09:00,확정,6주 수요일,O  09시  오픈,35.50195867,127.1148251,정확(표준데이터 일치),회문산자연휴양림,https://www.foresttrip.go.kr/indvz/main.do?hmpgId=0188
국립,전북,진안군,운장산 자연휴양림,2025-09-03 09:00; 2025-09-10 09:00; 2025-09-17 09:00,확정,6주 수요일,O  09시  오픈,35.89924607,127.4211096,정확(표준데이터 일치),운장산자연휴양림,https://www.foresttrip.go.kr/indvz/main.do?hmpgId=0194
국립,광주전남,순천시,낙안민속 자연휴양림,2025-09-03 09:00; 2025-09-10 09:00; 2025-09-17 09:00,확정,6주 수요일,O  09시  오픈,36.5,127.9,권역중심(추정),,https://www.foresttrip.go.kr/pot/is/fs/selectFcltSrchView.do?hmpgId=FRIP&menuId=002001&searchNm=%EB%82%99%EC%95%88%EB%AF%BC%EC%86%8D%20%EC%9E%90%EC%97%B0%ED%9C%B4%EC%96%91%EB%A6%BC
국립,광주전남,장성군,방장산 자연휴양림,2025-09-03 09:00; 2025-09-10 09:00; 2025-09-17 09:00,확정,6주 수요일,O  09시  오픈,35.44405218,126.7514053,정확(표준데이터 일치),방장산자연휴양림,https://www.foresttrip.go.kr/indvz/main.do?hmpgId=0181
국립,광주전남,장흥군,천관산 자연휴양림,2025-09-03 09:00; 2025-09-10 09:00; 2025-09-17 09:00,확정,6주 수요일,O  09시  오픈,36.5,127.9,권역중심(추정),,https://www.foresttrip.go.kr/pot/is/fs/selectFcltSrchView.do?hmpgId=FRIP&menuId=002001&searchNm=%EC%B2%9C%EA%B4%80%EC%82%B0%20%EC%9E%90%EC%97%B0%ED%9C%B4%EC%96%91%EB%A6%BC
국립,광주전남,진도군,진도 자연휴양림,2025-09-03 09:00; 2025-09-10 09:00; 2025-09-17 09:00,확정,6주 수요일,O  09시  오픈,36.5,127.9,권역중심(추정),,https://www.foresttrip.go.kr/pot/is/fs/selectFcltSrchView.do?hmpgId=FRIP&menuId=002001&searchNm=%EC%A7%84%EB%8F%84%20%EC%9E%90%EC%97%B0%ED%9C%B4%EC%96%91%EB%A6%BC
국립,대구경북,김천시,김천숲속야영장,2025-09-03 09:00; 2025-09-10 09:00; 2025-09-17 09:00,확정,6주 수요일,O  09시  오픈,36.5,127.9,권역중심(추정),,https://www.foresttrip.go.kr/pot/is/fs/selectFcltSrchView.do?hmpgId=FRIP&menuId=002001&searchNm=%EA%B9%80%EC%B2%9C%EC%88%B2%EC%86%8D%EC%95%BC%EC%98%81%EC%9E%A5
국립,대구경북,문경시,대야산 자연휴양림,2025-09-03 09:00; 2025-09-10 09:00; 2025-09-17 09:00,확정,6주 수요일,O  09시  오픈,36.67090364,127.9619774,정확(표준데이터 일치),대야산자연휴양림,https://www.foresttrip.go.kr/indvz/main.do?hmpgId=0245
국립,대구경북,봉화군,청옥산 자연휴양림,2025-09-03 09:00; 2025-09-10 09:00; 2025-09-17 09:00,확정,6주 수요일,O  09시  오픈,36.5,127.9,권역중심(추정),,https://www.foresttrip.go.kr/pot/is/fs/selectFcltSrchView.do?hmpgId=FRIP&menuId=002001&searchNm=%EC%B2%AD%EC%98%A5%EC%82%B0%20%EC%9E%90%EC%97%B0%ED%9C%B4%EC%96%91%EB%A6%BC
국립,대구경북,영덕군,칠보산 자연휴양림,2025-09-03 09:00; 2025-09-10 09:00; 2025-09-17 09:00,확정,6주 수요일,O  09시  오픈,36.5,127.9,권역중심(추정),,https://www.foresttrip.go.kr/pot/is/fs/selectFcltSrchView.do?hmpgId=FRIP&menuId=002001&searchNm=%EC%B9%A0%EB%B3%B4%EC%82%B0%20%EC%9E%90%EC%97%B0%ED%9C%B4%EC%96%91%EB%A6%BC
국립,대구경북,영양군,검마산 자연휴양림,2025-09-03 09:00; 2025-09-10 09:00; 2025-09-17 09:00,확정,6주 수요일,O  09시  오픈,36.5,127.9,권역중심(추정),,https://www.foresttrip.go.kr/pot/is/fs/selectFcltSrchView.do?hmpgId=FRIP&menuId=002001&searchNm=%EA%B2%80%EB%A7%88%EC%82%B0%20%EC%9E%90%EC%97%B0%ED%9C%B4%EC%96%91%EB%A6%BC
국립,대구경북,울진군,통고산 자연휴양림,2025-09-03 09:00; 2025-09-10 09:00; 2025-09-17 09:00,확정,6주 수요일,O  09시  오픈,36.5,127.9,권역중심(추정),,https://www.foresttrip.go.kr/pot/is/fs/selectFcltSrchView.do?hmpgId=FRIP&menuId=002001&searchNm=%ED%86%B5%EA%B3%A0%EC%82%B0%20%EC%9E%90%EC%97%B0%ED%9C%B4%EC%96%91%EB%A6%BC
국립,대구경북,청도군,운문산 자연휴양림,2025-09-03 09:00; 2025-09-10 09:00; 2025-09-17 09:00,확정,6주 수요일,O  09시  오픈,35.64834675,129.026208,정확(표준데이터 일치),운문산자연휴양림,https://www.foresttrip.go.kr/indvz/main.do?hmpgId=0195
국립,부산경남,기장군,달음산 자연휴양림,2025-09-03 09:00; 2025-09-10 09:00; 2025-09-17 09:00,확정,6주 수요일,O  09시  오픈,36.5,127.9,권역중심(추정),,https://www.foresttrip.go.kr/pot/is/fs/selectFcltSrchView.do?hmpgId=FRIP&menuId=002001&searchNm=%EB%8B%AC%EC%9D%8C%EC%82%B0%20%EC%9E%90%EC%97%B0%ED%9C%B4%EC%96%91%EB%A6%BC
국립,부산경남,김해시,용지봉 자연휴양림,2025-09-03 09:00; 2025-09-10 09:00; 2025-09-17 09:00,확정,6주 수요일,O  09시  오픈,36.5,127.9,권역중심(추정),,https://www.foresttrip.go.kr/indvz/main.do?hmpgId=0302
국립,부산경남,남해군,남해편백 자연휴양림,2025-09-03 09:00; 2025-09-10 09:00; 2025-09-17 09:00,확정,6주 수요일,O  09시  오픈,34.75216391,128.0201316,정확(표준데이터 일치),남해편백자연휴양림,https://www.foresttrip.go.kr/indvz/main.do?hmpgId=0192
국립,부산경남,울주군,신불산 자연휴양림,2025-09-03 09:00; 2025-09-10 09:00; 2025-09-17 09:00,확정,6주 수요일,O  09시  오픈,36.5,127.9,권역중심(추정),,https://www.foresttrip.go.kr/pot/is/fs/selectFcltSrchView.do?hmpgId=FRIP&menuId=002001&searchNm=%EC%8B%A0%EB%B6%88%EC%82%B0%20%EC%9E%90%EC%97%B0%ED%9C%B4%EC%96%91%EB%A6%BC
국립,부산경남,함양군,지리산 자연휴양림,2025-09-03 09:00; 2025-09-10 09:00; 2025-09-17 09:00,확정,6주 수요일,O  09시  오픈,36.5,127.9,권역중심(추정),,https://www.foresttrip.go.kr/pot/is/fs/selectFcltSrchView.do?hmpgId=FRIP&menuId=002001&searchNm=%EC%A7%80%EB%A6%AC%EC%82%B0%20%EC%9E%90%EC%97%B0%ED%9C%B4%EC%96%91%EB%A6%BC
공립,서울인천경기,가평군,강씨봉자연휴양림,2025-09-01 09:00,확정,익월말 비고,매월 1일 09시 오픈,37.96989302,127.4083285,정확(표준데이터 일치),강씨봉자연휴양림,https://www.foresttrip.go.kr/indvz/main.do?hmpgId=ID02030019
공립,서울인천경기,가평군,칼봉산자연휴양림,2025-09-10 16:00,확정,익월말 비고,매월 10일 16시 오픈,37.836519,127.465159,정확(표준데이터 일치),칼봉산자연휴양림,https://www.foresttrip.go.kr/indvz/main.do?hmpgId=ID02030099
공립,서울인천경기,강화군,석모도자연휴양림,2025-09-01 09:00,확정,익월말 비고,매월 1일 09시 오픈,37.7,126.433,도서중심(추정),,https://www.foresttrip.go.kr/pot/is/fs/selectFcltSrchView.do?hmpgId=FRIP&menuId=002001&searchNm=%EC%84%9D%EB%AA%A8%EB%8F%84%EC%9E%90%EC%97%B0%ED%9C%B4%EC%96%91%EB%A6%BC
공립,서울인천경기,남양주시,축령산자연휴양림,2025-09-01 09:00,확정,익월말 비고,매월 1일 09시 오픈,37.75476804,127.313253,정확(표준데이터 일치),축령산자연휴양림,https://www.foresttrip.go.kr/indvz/main.do?hmpgId=ID02030050
공립,서울인천경기,노원구,수락산 동막골 자연휴양림,2025-09-10 14:00,확정,익월말 비고,매월 10일 14시 오픈,37.66045,127.06718,지자체중심(추정),,https://www.foresttrip.go.kr/pot/is/fs/selectFcltSrchView.do?hmpgId=FRIP&menuId=002001&searchNm=%EC%88%98%EB%9D%BD%EC%82%B0%20%EB%8F%99%EB%A7%89%EA%B3%A8%20%EC%9E%90%EC%97%B0%ED%9C%B4%EC%96%91%EB%A6%BC
공립,서울인천경기,동두천시,동두천자연휴양림,2025-09-03 09:00; 2025-09-10 09:00; 2025-09-17 09:00,확정,6주 수요일,O  화요일  09시  오픈,37.88988548,127.1371472,정확(표준데이터 일치),동두천자연휴양림,https://www.foresttrip.go.kr/indvz/main.do?hmpgId=ID02030023
공립,서울인천경기,안성시,서운산자연휴양림,2025-09-03 14:00,확정,익월말 비고,매월 3일 14시 오픈,36.94238317,127.313722,정확(표준데이터 일치),서운산자연휴양림,https://www.anseong.go.kr/tourPortal/anseongforest/main.do
공립,서울인천경기,양주시,신암저수지 숲속야영장,2025-09-03 10:00; 2025-09-10 10:00; 2025-09-17 10:00,확정,6주 수요일,O  10시  오픈,36.5,127.9,권역중심(추정),,https://www.foresttrip.go.kr/pot/is/fs/selectFcltSrchView.do?hmpgId=FRIP&menuId=002001&searchNm=%EC%8B%A0%EC%95%94%EC%A0%80%EC%88%98%EC%A7%80%20%EC%88%B2%EC%86%8D%EC%95%BC%EC%98%81%EC%9E%A5
공립,서울인천경기,양평군,양평 백운봉 자연휴양림,2025-09-03 10:00; 2025-09-10 10:00; 2025-09-17 10:00,확정,6주 수요일,O  ( 4주 )  10시  오픈,36.5,127.9,권역중심(추정),,https://www.foresttrip.go.kr/pot/is/fs/selectFcltSrchView.do?hmpgId=FRIP&menuId=002001&searchNm=%EC%96%91%ED%8F%89%20%EB%B0%B1%EC%9A%B4%EB%B4%89%20%EC%9E%90%EC%97%B0%ED%9C%B4%EC%96%91%EB%A6%BC
공립,서울인천경기,양평군,양평쉬자파크,2025-09-03 10:00; 2025-09-10 10:00; 2025-09-17 10:00,확정,6주 수요일,O  ( 4주 )  10시  오픈,37.511222,127.533196,정확(표준데이터 일치),양평쉬자파크,https://www.yp21.go.kr/swijapark/index.do
공립,서울인천경기,연천군,고대산 자연휴양림,2025-09-03 09:00; 2025-09-10 09:00; 2025-09-17 09:00,확정,6주 수요일,O  09시  오픈,38.21125391,127.1507058,정확(표준데이터 일치),고대산자연휴양림,https://godaesan.foresttrip.go.kr
공립,서울인천경기,옹진군,덕적도 자연휴양림,2025-09-01 09:00,확정,익월말 비고,매월 1일 09시 오픈,37.25,126.116667,도서중심(추정),,https://www.foresttrip.go.kr/pot/is/fs/selectFcltSrchView.do?hmpgId=FRIP&menuId=002001&searchNm=%EB%8D%95%EC%A0%81%EB%8F%84%20%EC%9E%90%EC%97%B0%ED%9C%B4%EC%96%91%EB%A6%BC
공립,서울인천경기,용인시 처인구,용인자연휴양림,2025-09-10 13:00,확정,익월말 비고,매월 10일 13시 오픈,37.31487372,127.2678442,정확(표준데이터 일치),용인자연휴양림,https://yonginforest.foresttrip.go.kr/
공립,서울인천경기,의왕시,의왕바라산자연휴양림,2025-09-11 09:00,확정,익월말 비고,매월 11일 09시 오픈,37.344701,126.9683104,지자체중심(추정),,https://www.foresttrip.go.kr/pot/is/fs/selectFcltSrchView.do?hmpgId=FRIP&menuId=002001&searchNm=%EC%9D%98%EC%99%95%EB%B0%94%EB%9D%BC%EC%82%B0%EC%9E%90%EC%97%B0%ED%9C%B4%EC%96%91%EB%A6%BC
공립,서울인천경기,포천시,천보산 자연휴양림,2025-09-03 09:00; 2025-09-10 09:00; 2025-09-17 09:00,확정,6주 수요일,O  09시  오픈,37.85576406,127.1190897,정확(표준데이터 일치),천보산자연휴양림,https://www.foresttrip.go.kr/indvz
공립,서울인천경기,화성시,무봉산 자연휴양림,2025-09-01 09:00,확정,익월말 비고,매월 1일 09시 오픈,37.1994932,126.8311887,지자체중심(추정),,https://www.foresttrip.go.kr/pot/is/fs/selectFcltSrchView.do?hmpgId=FRIP&menuId=002001&searchNm=%EB%AC%B4%EB%B4%89%EC%82%B0%20%EC%9E%90%EC%97%B0%ED%9C%B4%EC%96%91%EB%A6%BC
공립,강원,강릉시,임해자연휴양림,2025-09-01 09:00,확정,익월말 비고,매월 1일 09시 오픈,37.751853,128.8760574,지자체중심(추정),,https://www.foresttrip.go.kr/pot/is/fs/selectFcltSrchView.do?hmpgId=FRIP&menuId=002001&searchNm=%EC%9E%84%ED%95%B4%EC%9E%90%EC%97%B0%ED%9C%B4%EC%96%91%EB%A6%BC
공립,강원,양구군,광치자연휴양림,2025-09-01 09:00,확정,익월말 비고,매월 1일 09시 오픈,38.14199686,128.0710755,정확(표준데이터 일치),광치자연휴양림,http://www.foresttrip.go.kr
공립,강원,양양군,송이밸리자연휴양림,2025-09-03 09:00; 2025-09-10 09:00; 2025-09-17 09:00,확정,6주 수요일,O  09시  오픈,38.05400667,128.6214924,정확(표준데이터 일치),송이밸리자연휴양림,https://www.foresttrip.go.kr/indvz/main.do?hmpgId=ID02030049
공립,강원,영월군,망경대산자연휴양림,2025-09-01 09:00,확정,익월말 비고,매월 1일 09시 오픈,37.183637,128.4617535,지자체중심(추정),,https://www.foresttrip.go.kr/pot/is/fs/selectFcltSrchView.do?hmpgId=FRIP&menuId=002001&searchNm=%EB%A7%9D%EA%B2%BD%EB%8C%80%EC%82%B0%EC%9E%90%EC%97%B0%ED%9C%B4%EC%96%91%EB%A6%BC
공립,강원,원주시,치악산자연휴양림,2025-09-01 09:00,확정,익월말 비고,매월 1일 09시 오픈,37.255878,128.031372,정확(표준데이터 일치),치악산자연휴양림,https://foresttrip.go.kr/indvz/main.do?hmpgId=ID02030024
공립,강원,인제군,갯골자연휴양림,2025-09-04 09:00,확정,익월말 비고,매월 4일 09시 오픈,38.086369,128.124233,정확(표준데이터 일치),갯골자연휴양림,https://www.foresttrip.go.kr/indvz/main.do?hmpgId=ID02030120
공립,강원,인제군,하추자연휴양림,2025-09-04 09:00,확정,익월말 비고,매월 4일 09시 오픈,38.03469483,128.3193078,정확(표준데이터 일치),하추자연휴양림,https://www.foresttrip.go.kr/indvz/main.do?hmpgId=ID02030018
공립,강원,철원군,철원 두루웰 숲속문화촌,2025-09-03 09:00; 2025-09-10 09:00; 2025-09-17 09:00,확정,6주 수요일,O  09시  오픈,37.8228,128.1555,권역중심(추정),,https://www.foresttrip.go.kr/pot/is/fs/selectFcltSrchView.do?hmpgId=FRIP&menuId=002001&searchNm=%EC%B2%A0%EC%9B%90%20%EB%91%90%EB%A3%A8%EC%9B%B0%20%EC%88%B2%EC%86%8D%EB%AC%B8%ED%99%94%EC%B4%8C
공립,강원,춘천시,강원숲체험장,2025-09-01 09:00,확정,익월말 비고,매월 1일 09시 오픈,37.8813153,127.7299707,지자체중심(추정),,https://www.foresttrip.go.kr/pot/is/fs/selectFcltSrchView.do?hmpgId=FRIP&menuId=002001&searchNm=%EA%B0%95%EC%9B%90%EC%88%B2%EC%B2%B4%ED%97%98%EC%9E%A5
공립,강원,춘천시,집다리골자연휴양림,2025-09-01 09:00,확정,익월말 비고,매월 1일 09시 오픈,37.8813153,127.7299707,지자체중심(추정),,https://www.foresttrip.go.kr/pot/is/fs/selectFcltSrchView.do?hmpgId=FRIP&menuId=002001&searchNm=%EC%A7%91%EB%8B%A4%EB%A6%AC%EA%B3%A8%EC%9E%90%EC%97%B0%ED%9C%B4%EC%96%91%EB%A6%BC
공립,강원,춘천시,춘천숲자연휴양림,2025-09-03 14:00; 2025-09-10 14:00; 2025-09-17 14:00,확정,6주 수요일,O  ( 2주 )  일요일  14시  오픈,37.747732,127.742503,정확(표준데이터 일치),춘천숲자연휴양림,https://www.ccforest.or.kr
공립,강원,태백시,태백고원자연휴양림,2025-09-01 09:00,확정,익월말 비고,매월 1일 09시 오픈,37.12357654,129.0603832,정확(표준데이터 일치),태백고원자연휴양림,https://www.foresttrip.go.kr/indvz/main.do?hmpgId=ID02030022
공립,강원,평창군,평창자연휴양림,2025-09-03 09:00; 2025-09-10 09:00; 2025-09-17 09:00,확정,6주 수요일,O  09시  오픈,37.609548,128.303521,정확(표준데이터 일치),평창자연휴양림,https://www.foresttrip.go.kr/indvz/main.do?hmpgId=ID02030003
공립,강원,홍천군,가리산 자연휴양림,2025-09-03 09:00; 2025-09-10 09:00; 2025-09-17 09:00,확정,6주 수요일,O  09시  오픈,37.8656358,127.9811498,정확(표준데이터 일치),가리산자연휴양림,https://www.foresttrip.go.kr/indvz/main.do?hmpgId=ID02030002
공립,충북,괴산군,성불산자연휴양림,2025-09-05 09:00,확정,익월말 비고,매월 5일 09시 오픈,36.80804701,127.8467688,정확(표준데이터 일치),성불산자연휴양림,https://www.foresttrip.go.kr/indvz/main.do?hmpgId=ID02030070
공립,충북,괴산군,성불산자연휴양림,2025-09-05 09:00,확정,익월말 비고,매월 5일 09시 오픈,36.80804701,127.8467688,정확(표준데이터 일치),성불산자연휴양림,https://www.foresttrip.go.kr/indvz/main.do?hmpgId=ID02030070
공립,충북,괴산군,성불산자연휴양림,2025-09-05 09:00,확정,익월말 비고,매월 5일 09시 오픈,36.80804701,127.8467688,정확(표준데이터 일치),성불산자연휴양림,https://www.foresttrip.go.kr/indvz/main.do?hmpgId=ID02030070
공립,충북,괴산군,성불산자연휴양림,2025-09-05 09:00,확정,익월말 비고,매월 5일 09시 오픈,36.80804701,127.8467688,정확(표준데이터 일치),성불산자연휴양림,https://www.foresttrip.go.kr/indvz/main.do?hmpgId=ID02030070
공립,충북,괴산군,조령산 자연휴양림,2025-09-03 09:00; 2025-09-10 09:00; 2025-09-17 09:00,확정,6주 수요일,O  09시  오픈,36.81234006,128.0462438,정확(표준데이터 일치),조령산자연휴양림,https://www.foresttrip.go.kr/pot/is/fs/selectFcltSrchView.do?hmpgId=FRIP&menuId=002001&searchNm=%EC%A1%B0%EB%A0%B9%EC%82%B0%20%EC%9E%90%EC%97%B0%ED%9C%B4%EC%96%91%EB%A6%BC
공립,충북,단양군,소백산자연휴양림,2025-09-03 09:00; 2025-09-10 09:00; 2025-09-17 09:00,확정,6주 수요일,O  09시  오픈,37.06069296,128.4673084,정확(표준데이터 일치),소백산자연휴양림,https://www.foresttrip.go.kr/pot/is/fs/selectFcltSrchView.do?hmpgId=FRIP&menuId=002001&searchNm=%EC%86%8C%EB%B0%B1%EC%82%B0%EC%9E%90%EC%97%B0%ED%9C%B4%EC%96%91%EB%A6%BC
공립,충북,단양군,소백산자연휴양림,2025-09-03 09:00; 2025-09-10 09:00; 2025-09-17 09:00,확정,6주 수요일,O  09시  오픈,37.06069296,128.4673084,정확(표준데이터 일치),소백산자연휴양림,https://www.foresttrip.go.kr/indvz/main.do?hmpgId=ID02030009
공립,충북,단양군,소백산자연휴양림,2025-09-03 09:00; 2025-09-10 09:00; 2025-09-17 09:00,확정,6주 수요일,O  09시  오픈,37.06069296,128.4673084,정확(표준데이터 일치),소백산자연휴양림,https://www.foresttrip.go.kr/pot/is/fs/selectFcltSrchView.do?hmpgId=FRIP&menuId=002001&searchNm=%EC%86%8C%EB%B0%B1%EC%82%B0%EC%9E%90%EC%97%B0%ED%9C%B4%EC%96%91%EB%A6%BC
공립,충북,단양군,소백산자연휴양림,2025-09-03 09:00; 2025-09-10 09:00; 2025-09-17 09:00,확정,6주 수요일,O  09시  오픈,37.06069296,128.4673084,정확(표준데이터 일치),소백산자연휴양림,https://www.foresttrip.go.kr/indvz/main.do?hmpgId=ID02030009
공립,충북,단양군,소선암자연휴양림,2025-09-03 09:00; 2025-09-10 09:00; 2025-09-17 09:00,확정,6주 수요일,O  09시  오픈,36.91922142,128.3123127,정확(표준데이터 일치),소선암자연휴양림,https://www.foresttrip.go.kr/pot/is/fs/selectFcltSrchView.do?hmpgId=FRIP&menuId=002001&searchNm=%EC%86%8C%EC%84%A0%EC%95%94%EC%9E%90%EC%97%B0%ED%9C%B4%EC%96%91%EB%A6%BC
공립,충북,단양군,소선암자연휴양림,2025-09-03 09:00; 2025-09-10 09:00; 2025-09-17 09:00,확정,6주 수요일,O  09시  오픈,36.91922142,128.3123127,정확(표준데이터 일치),소선암자연휴양림,https://www.foresttrip.go.kr/indvz/main.do?hmpgId=ID02030009
공립,충북,단양군,소선암자연휴양림,2025-09-03 09:00; 2025-09-10 09:00; 2025-09-17 09:00,확정,6주 수요일,O  09시  오픈,36.91922142,128.3123127,정확(표준데이터 일치),소선암자연휴양림,https://www.foresttrip.go.kr/pot/is/fs/selectFcltSrchView.do?hmpgId=FRIP&menuId=002001&searchNm=%EC%86%8C%EC%84%A0%EC%95%94%EC%9E%90%EC%97%B0%ED%9C%B4%EC%96%91%EB%A6%BC
공립,충북,단양군,소선암자연휴양림,2025-09-03 09:00; 2025-09-10 09:00; 2025-09-17 09:00,확정,6주 수요일,O  09시  오픈,36.91922142,128.3123127,정확(표준데이터 일치),소선암자연휴양림,https://www.foresttrip.go.kr/indvz/main.do?hmpgId=ID02030009
공립,충북,보은군,속리산숲체험휴양마을,2025-09-01 09:00,확정,익월말 비고,매월 1일 09시 오픈,36.49245442,127.792472,정확(표준데이터 일치),속리산 숲체험휴양마을,https://www.foresttrip.go.kr/indvz/main.do?hmpgId=ID02030035
공립,충북,보은군,속리산숲체험휴양마을,2025-09-01 09:00,확정,익월말 비고,매월 1일 09시 오픈,36.49245442,127.792472,정확(표준데이터 일치),속리산 숲체험휴양마을,https://www.foresttrip.go.kr/indvz/main.do?hmpgId=ID02030035
공립,충북,보은군,속리산숲체험휴양마을,2025-09-01 09:00,확정,익월말 비고,매월 1일 09시 오픈,36.49245548,127.7924743,정확(표준데이터 일치),속리산숲체험휴양마을,https://www.foresttrip.go.kr/indvz/main.do?hmpgId=ID02030035
공립,충북,보은군,속리산숲체험휴양마을,2025-09-01 09:00,확정,익월말 비고,매월 1일 09시 오픈,36.49245548,127.7924743,정확(표준데이터 일치),속리산숲체험휴양마을,https://www.foresttrip.go.kr/indvz/main.do?hmpgId=ID02030035
공립,충북,보은군,충북알프스자연휴양림,2025-09-01 09:00,확정,익월말 비고,매월 1일 09시 오픈,36.57316547,127.7858442,정확(표준데이터 일치),충북알프스자연휴양림,https://www.foresttrip.go.kr/indvz/main.do?hmpgId=ID02030032
공립,충북,보은군,충북알프스자연휴양림,2025-09-01 09:00,확정,익월말 비고,매월 1일 09시 오픈,36.57316547,127.7858442,정확(표준데이터 일치),충북알프스자연휴양림,https://www.foresttrip.go.kr/indvz/main.do?hmpgId=ID02030032
공립,충북,보은군,충북알프스자연휴양림,2025-09-01 09:00,확정,익월말 비고,매월 1일 09시 오픈,36.57319259,127.7858718,정확(표준데이터 일치),충북알프스자연휴양림,https://www.foresttrip.go.kr/indvz/main.do?hmpgId=ID02030032
공립,충북,보은군,충북알프스자연휴양림,2025-09-01 09:00,확정,익월말 비고,매월 1일 09시 오픈,36.57319259,127.7858718,정확(표준데이터 일치),충북알프스자연휴양림,https://www.foresttrip.go.kr/indvz/main.do?hmpgId=ID02030032
공립,충북,영동군,민주지산자연휴양림,2025-09-01 09:00,확정,익월말 비고,매월 1일 09시 오픈,36.05313182,127.8243888,정확(표준데이터 일치),민주지산자연휴양림,https://www.foresttrip.go.kr/indvz/main.do?hmpgId=ID02030107
공립,충북,영동군,민주지산자연휴양림,2025-09-01 09:00,확정,익월말 비고,매월 1일 09시 오픈,36.05313182,127.8243888,정확(표준데이터 일치),민주지산자연휴양림,https://www.foresttrip.go.kr/indvz/main.do?hmpgId=ID02030107
공립,충북,영동군,민주지산자연휴양림,2025-09-01 09:00,확정,익월말 비고,매월 1일 09시 오픈,36.05313182,127.8243888,정확(표준데이터 일치),민주지산자연휴양림,https://www.foresttrip.go.kr/indvz/main.do?hmpgId=ID02030107
공립,충북,영동군,민주지산자연휴양림,2025-09-01 09:00,확정,익월말 비고,매월 1일 09시 오픈,36.05313182,127.8243888,정확(표준데이터 일치),민주지산자연휴양림,https://www.foresttrip.go.kr/indvz/main.do?hmpgId=ID02030107
공립,충북,옥천군,장령산자연휴양림,2025-09-03 09:00; 2025-09-10 09:00; 2025-09-17 09:00,확정,6주 수요일,O  09시  오픈,36.24486737,127.5547497,정확(표준데이터 일치),장령산자연휴양림,https://www.foresttrip.go.kr/indvz/main.do?hmpgId=ID02030036
공립,충북,옥천군,장령산자연휴양림,2025-09-03 09:00; 2025-09-10 09:00; 2025-09-17 09:00,확정,6주 수요일,O  09시  오픈,36.24486737,127.5547497,정확(표준데이터 일치),장령산자연휴양림,https://www.foresttrip.go.kr/indvz/main.do?hmpgId=ID02030036
공립,충북,옥천군,장령산자연휴양림,2025-09-03 09:00; 2025-09-10 09:00; 2025-09-17 09:00,확정,6주 수요일,O  09시  오픈,36.24486737,127.5547497,정확(표준데이터 일치),장령산자연휴양림,https://www.foresttrip.go.kr/indvz/main.do?hmpgId=ID02030036
공립,충북,옥천군,장령산자연휴양림,2025-09-03 09:00; 2025-09-10 09:00; 2025-09-17 09:00,확정,6주 수요일,O  09시  오픈,36.24486737,127.5547497,정확(표준데이터 일치),장령산자연휴양림,https://www.foresttrip.go.kr/indvz/main.do?hmpgId=ID02030036
공립,충북,음성군,백야자연휴양림,2025-09-01 10:00,확정,익월말 비고,매월 1일 10시 오픈,36.95683852,127.6096498,정확(표준데이터 일치),백야자연휴양림,https://www.foresttrip.go.kr/pot/is/fs/selectFcltSrchView.do?hmpgId=FRIP&menuId=002001&searchNm=%EB%B0%B1%EC%95%BC%EC%9E%90%EC%97%B0%ED%9C%B4%EC%96%91%EB%A6%BC
공립,충북,음성군,백야자연휴양림,2025-09-01 10:00,확정,익월말 비고,매월 1일 10시 오픈,36.95683852,127.6096498,정확(표준데이터 일치),백야자연휴양림,https://www.eumseong.go.kr/forest
공립,충북,음성군,백야자연휴양림,2025-09-01 10:00,확정,익월말 비고,매월 1일 10시 오픈,36.95683951,127.6096488,정확(표준데이터 일치),백야자연휴양림,https://www.foresttrip.go.kr/pot/is/fs/selectFcltSrchView.do?hmpgId=FRIP&menuId=002001&searchNm=%EB%B0%B1%EC%95%BC%EC%9E%90%EC%97%B0%ED%9C%B4%EC%96%91%EB%A6%BC
공립,충북,음성군,백야자연휴양림,2025-09-01 10:00,확정,익월말 비고,매월 1일 10시 오픈,36.95683951,127.6096488,정확(표준데이터 일치),백야자연휴양림,https://www.eumseong.go.kr/forest
공립,충북,음성군,수레의산자연휴양림,2025-09-01 10:00,확정,익월말 비고,매월 1일 10시 오픈,37.03888889,127.6513842,정확(표준데이터 일치),수레의산자연휴양림,https://www.eumseong.go.kr/forest
공립,충북,음성군,수레의산자연휴양림,2025-09-01 10:00,확정,익월말 비고,매월 1일 10시 오픈,37.03888889,127.6513842,정확(표준데이터 일치),수레의산자연휴양림,https://www.eumseong.go.kr/forest
공립,충북,음성군,수레의산자연휴양림,2025-09-01 10:00,확정,익월말 비고,매월 1일 10시 오픈,37.03888915,127.6513855,정확(표준데이터 일치),수레의산자연휴양림,https://www.eumseong.go.kr/forest
공립,충북,음성군,수레의산자연휴양림,2025-09-01 10:00,확정,익월말 비고,매월 1일 10시 오픈,37.03888915,127.6513855,정확(표준데이터 일치),수레의산자연휴양림,https://www.eumseong.go.kr/forest
공립,충북,제천시,박달재자연휴양림,2025-09-03 09:00; 2025-09-10 09:00; 2025-09-17 09:00,확정,6주 수요일,O  09시  오픈,37.14706386,128.0457749,정확(표준데이터 일치),박달재자연휴양림,https://www.foresttrip.go.kr/indvz/main.do?hmpgId=ID02030062
공립,충북,제천시,박달재자연휴양림,2025-09-03 09:00; 2025-09-10 09:00; 2025-09-17 09:00,확정,6주 수요일,O  09시  오픈,37.14706386,128.0457749,정확(표준데이터 일치),박달재자연휴양림,https://www.foresttrip.go.kr/indvz/main.do?hmpgId=ID02030062
공립,충북,제천시,박달재자연휴양림,2025-09-03 09:00; 2025-09-10 09:00; 2025-09-17 09:00,확정,6주 수요일,O  09시  오픈,37.14806356,128.045293,정확(표준데이터 일치),박달재자연휴양림,https://www.foresttrip.go.kr/indvz/main.do?hmpgId=ID02030062
공립,충북,제천시,박달재자연휴양림,2025-09-03 09:00; 2025-09-10 09:00; 2025-09-17 09:00,확정,6주 수요일,O  09시  오픈,37.14806356,128.045293,정확(표준데이터 일치),박달재자연휴양림,https://www.foresttrip.go.kr/indvz/main.do?hmpgId=ID02030062
공립,충북,제천시,옥전자연휴양림,2025-09-03 09:00; 2025-09-10 09:00; 2025-09-17 09:00,확정,6주 수요일,O  09시  오픈,37.17276606,128.0888597,정확(표준데이터 일치),옥전자연휴양림,https://www.foresttrip.go.kr/indvz/main.do?hmpgId=ID02030110
공립,충북,제천시,옥전자연휴양림,2025-09-03 09:00; 2025-09-10 09:00; 2025-09-17 09:00,확정,6주 수요일,O  09시  오픈,37.17276606,128.0888597,정확(표준데이터 일치),옥전자연휴양림,https://www.foresttrip.go.kr/indvz/main.do?hmpgId=ID02030110
공립,충북,제천시,옥전자연휴양림,2025-09-03 09:00; 2025-09-10 09:00; 2025-09-17 09:00,확정,6주 수요일,O  09시  오픈,37.17276606,128.0888597,정확(표준데이터 일치),옥전자연휴양림,https://www.foresttrip.go.kr/indvz/main.do?hmpgId=ID02030110
공립,충북,제천시,옥전자연휴양림,2025-09-03 09:00; 2025-09-10 09:00; 2025-09-17 09:00,확정,6주 수요일,O  09시  오픈,37.17276606,128.0888597,정확(표준데이터 일치),옥전자연휴양림,https://www.foresttrip.go.kr/indvz/main.do?hmpgId=ID02030110
공립,충북,증평군,좌구산휴양랜드,2025-09-03 09:00; 2025-09-10 09:00; 2025-09-17 09:00,확정,6주 수요일,O  09시  오픈,36.6357,127.4913,권역중심(추정),,https://www.foresttrip.go.kr/pot/is/fs/selectFcltSrchView.do?hmpgId=FRIP&menuId=002001&searchNm=%EC%A2%8C%EA%B5%AC%EC%82%B0%ED%9C%B4%EC%96%91%EB%9E%9C%EB%93%9C
공립,충북,진천군,생거진천자연휴양림,2025-09-01 13:00,확정,익월말 비고,매월 1일 13시 오픈,36.923988,127.3902017,정확(표준데이터 일치),생거진천자연휴양림,https://www.foresttrip.go.kr/indvz/main.do?hmpgId=ID02030033
공립,충북,진천군,생거진천자연휴양림,2025-09-01 13:00,확정,익월말 비고,매월 1일 13시 오픈,36.923988,127.3902017,정확(표준데이터 일치),생거진천자연휴양림,https://www.foresttrip.go.kr/indvz/main.do?hmpgId=ID02030033
공립,충북,진천군,생거진천자연휴양림,2025-09-01 13:00,확정,익월말 비고,매월 1일 13시 오픈,36.92399609,127.3902346,정확(표준데이터 일치),생거진천자연휴양림,https://www.foresttrip.go.kr/indvz/main.do?hmpgId=ID02030033
공립,충북,진천군,생거진천자연휴양림,2025-09-01 13:00,확정,익월말 비고,매월 1일 13시 오픈,36.92399609,127.3902346,정확(표준데이터 일치),생거진천자연휴양림,https://www.foresttrip.go.kr/indvz/main.do?hmpgId=ID02030033
공립,충북,청주시 상당구,옥화자연휴양림,2025-09-05 10:00,확정,익월말 비고,매월 5일 10시 오픈,36.59895012,127.6943716,정확(표준데이터 일치),옥화자연휴양림,https://www.foresttrip.go.kr/indvz/main.do?hmpgId=ID02030054
공립,충북,청주시 상당구,옥화자연휴양림,2025-09-05 10:00,확정,익월말 비고,매월 5일 10시 오픈,36.59895012,127.6943716,정확(표준데이터 일치),옥화자연휴양림,https://www.foresttrip.go.kr/indvz/main.do?hmpgId=ID02030054
공립,충북,청주시 상당구,옥화자연휴양림,2025-09-05 10:00,확정,익월말 비고,매월 5일 10시 오픈,36.59895012,127.6943716,정확(표준데이터 일치),옥화자연휴양림,https://www.foresttrip.go.kr/indvz/main.do?hmpgId=ID02030054
공립,충북,청주시 상당구,옥화자연휴양림,2025-09-05 10:00,확정,익월말 비고,매월 5일 10시 오픈,36.59895012,127.6943716,정확(표준데이터 일치),옥화자연휴양림,https://www.foresttrip.go.kr/indvz/main.do?hmpgId=ID02030054
공립,충북,충주시,계명산자연휴양림,2025-09-03 09:00,확정,익월말 비고,매월 3일 09시 오픈,36.9793629,127.9950872,정확(표준데이터 일치),계명산자연휴양림,https://www.foresttrip.go.kr/indvz/main.do?hmpgId=ID02030042
공립,충북,충주시,계명산자연휴양림,2025-09-03 09:00,확정,익월말 비고,매월 3일 09시 오픈,36.9793629,127.9950872,정확(표준데이터 일치),계명산자연휴양림,https://www.foresttrip.go.kr/indvz/main.do?hmpgId=ID02030042
공립,충북,충주시,계명산자연휴양림,2025-09-03 09:00,확정,익월말 비고,매월 3일 09시 오픈,36.97931793,127.9950865,정확(표준데이터 일치),계명산자연휴양림,https://www.foresttrip.go.kr/indvz/main.do?hmpgId=ID02030042
공립,충북,충주시,계명산자연휴양림,2025-09-03 09:00,확정,익월말 비고,매월 3일 09시 오픈,36.97931793,127.9950865,정확(표준데이터 일치),계명산자연휴양림,https://www.foresttrip.go.kr/indvz/main.do?hmpgId=ID02030042
공립,충북,충주시,문성자연휴양림,2025-09-03 09:00,확정,익월말 비고,매월 3일 09시 오픈,37.02832486,127.7525206,정확(표준데이터 일치),문성자연휴양림,https://www.foresttrip.go.kr/indvz/main.do?hmpgId=ID02030055
공립,충북,충주시,문성자연휴양림,2025-09-03 09:00,확정,익월말 비고,매월 3일 09시 오픈,37.02832486,127.7525206,정확(표준데이터 일치),문성자연휴양림,https://www.foresttrip.go.kr/indvz/main.do?hmpgId=ID02030055
공립,충북,충주시,문성자연휴양림,2025-09-03 09:00,확정,익월말 비고,매월 3일 09시 오픈,37.02832602,127.7525217,정확(표준데이터 일치),문성자연휴양림,https://www.foresttrip.go.kr/indvz/main.do?hmpgId=ID02030055
공립,충북,충주시,문성자연휴양림,2025-09-03 09:00,확정,익월말 비고,매월 3일 09시 오픈,37.02832602,127.7525217,정확(표준데이터 일치),문성자연휴양림,https://www.foresttrip.go.kr/indvz/main.do?hmpgId=ID02030055
공립,충북,충주시,봉황자연휴양림,2025-09-03 09:00,확정,익월말 비고,매월 3일 09시 오픈,37.05700022,127.8304531,정확(표준데이터 일치),봉황자연휴양림,https://www.foresttrip.go.kr/indvz/main.do?hmpgId=ID02030051
공립,충북,충주시,봉황자연휴양림,2025-09-03 09:00,확정,익월말 비고,매월 3일 09시 오픈,37.05700022,127.8304531,정확(표준데이터 일치),봉황자연휴양림,https://www.foresttrip.go.kr/indvz/main.do?hmpgId=ID02030051
공립,충북,충주시,봉황자연휴양림,2025-09-03 09:00,확정,익월말 비고,매월 3일 09시 오픈,37.05700022,127.8304531,정확(표준데이터 일치),봉황자연휴양림,https://www.foresttrip.go.kr/indvz/main.do?hmpgId=ID02030051
공립,충북,충주시,봉황자연휴양림,2025-09-03 09:00,확정,익월말 비고,매월 3일 09시 오픈,37.05700022,127.8304531,정확(표준데이터 일치),봉황자연휴양림,https://www.foresttrip.go.kr/indvz/main.do?hmpgId=ID02030051
공립,대전충남,공주시,공주산림휴양마을,2025-09-03 09:00; 2025-09-10 09:00; 2025-09-17 09:00,확정,6주 수요일,O  09시  오픈,36.42351736,127.1187685,정확(표준데이터 일치),공주산림휴양마을,http://jumisan.gongju.go.kr
공립,대전충남,금산군,금산산림문화타운(남이자연휴양림),2025-09-01 09:00,확정,익월말 비고,매월 1일 09시 오픈,36.1086928,127.4880712,지자체중심(추정),,https://www.foresttrip.go.kr/pot/is/fs/selectFcltSrchView.do?hmpgId=FRIP&menuId=002001&searchNm=%EA%B8%88%EC%82%B0%EC%82%B0%EB%A6%BC%EB%AC%B8%ED%99%94%ED%83%80%EC%9A%B4%28%EB%82%A8%EC%9D%B4%EC%9E%90%EC%97%B0%ED%9C%B4%EC%96%91%EB%A6%BC%29
공립,대전충남,논산시,양촌자연휴양림,2025-09-03 10:00; 2025-09-10 10:00; 2025-09-17 10:00,확정,6주 수요일,O  ( 5주 )  10시  오픈,36.15726044,127.2464846,정확(표준데이터 일치),양촌자연휴양림,https://www.foresttrip.go.kr/indvz/main.do?hmpgId=ID02030034
공립,대전충남,동구,만인산자연휴양림,2025-09-01 09:00,확정,익월말 비고,매월 1일 09시 오픈,36.2021806,127.4551104,정확(표준데이터 일치),만인산자연휴양림,http://www.daejeon.go.kr/par/index.do
공립,대전충남,보령시,성주산자연휴양림,2025-09-01 09:00,확정,익월말 비고,매월 1일 09시 오픈,36.33256882,126.6639659,정확(표준데이터 일치),성주산자연휴양림,https://www.foresttrip.go.kr/indvz/main.do?hmpgId=ID02030078
공립,대전충남,부여군,만수산자연휴양림,2025-09-03 09:00; 2025-09-10 09:00; 2025-09-17 09:00,확정,6주 수요일,O  09시  오픈,36.33854208,126.7119325,정확(표준데이터 일치),만수산자연휴양림,https://www.foresttrip.go.kr/indvz/main.do?hmpgId=ID02030007
공립,대전충남,서구,장태산자연휴양림,2025-09-01 09:00,확정,익월말 비고,매월 1일 09시 오픈,36.21596742,127.3412777,정확(표준데이터 일치),장태산자연휴양림,http://www.jangtaesan.or.kr/
공립,대전충남,아산시,영인산 자연휴양림,2025-09-03 09:00; 2025-09-10 09:00; 2025-09-17 09:00,확정,6주 수요일,O  09시  오픈,36.84059456,126.9500195,정확(표준데이터 일치),영인산자연휴양림,http://forest.asanfmc.or.kr
공립,대전충남,예산군,봉수산자연휴양림,2025-09-01 09:00,확정,익월말 비고,매월 1일 09시 오픈,36.59844872,126.7808937,정확(표준데이터 일치),봉수산자연휴양림,https://www.foresttrip.go.kr/indvz/main.do?hmpgId=ID02030028
공립,대전충남,천안시 동남구,태학산자연휴양림,2025-09-03 09:00; 2025-09-10 09:00; 2025-09-17 09:00,확정,6주 수요일,O  09시  오픈,36.72734819,127.0903273,정확(표준데이터 일치),태학산자연휴양림,http://www.cfmc.or.kr/_taehaksan/
공립,대전충남,청양군,칠갑산자연휴양림,2025-09-03 09:00; 2025-09-10 09:00; 2025-09-17 09:00,확정,6주 수요일,O  09시  오픈,36.431589,126.8438227,정확(표준데이터 일치),칠갑산자연휴양림,https://www.foresttrip.go.kr/indvz/main.do?hmpgId=ID02030044
공립,대전충남,태안군,안면도자연휴양림,2025-09-06 09:00,확정,익월말 비고,매월 6일 09시 오픈,36.49670127,126.3588291,정확(표준데이터 일치),안면도자연휴양림,https://www.anmyonhuyang.go.kr
공립,대전충남,홍성군,용봉산자연휴양림,2025-09-01 09:00,확정,익월말 비고,매월 1일 09시 오픈,36.64528712,126.6566318,정확(표준데이터 일치),용봉산자연휴양림,https://www.foresttrip.go.kr/indvz/main.do?hmpgId=ID02030080
공립,전북,김제시,김제 선암자연휴양림,2025-09-03 09:00; 2025-09-10 09:00; 2025-09-17 09:00,확정,6주 수요일,O  09시  오픈,35.7175,127.153,권역중심(추정),,https://www.foresttrip.go.kr/pot/is/fs/selectFcltSrchView.do?hmpgId=FRIP&menuId=002001&searchNm=%EA%B9%80%EC%A0%9C%20%EC%84%A0%EC%95%94%EC%9E%90%EC%97%B0%ED%9C%B4%EC%96%91%EB%A6%BC
공립,전북,남원시,흥부골자연휴양림,2025-09-03 09:00; 2025-09-10 09:00; 2025-09-17 09:00,확정,6주 수요일,O  ( 5주 )  09시  오픈,35.450932,127.590258,정확(표준데이터 일치),흥부골자연휴양림,https://www.foresttrip.go.kr
공립,전북,무주군,무주향로산자연휴양림,2025-09-01 09:00,확정,익월말 비고,매월 1일 09시 오픈,36.0068191,127.6607805,지자체중심(추정),,https://www.foresttrip.go.kr/pot/is/fs/selectFcltSrchView.do?hmpgId=FRIP&menuId=002001&searchNm=%EB%AC%B4%EC%A3%BC%ED%96%A5%EB%A1%9C%EC%82%B0%EC%9E%90%EC%97%B0%ED%9C%B4%EC%96%91%EB%A6%BC
공립,전북,완주군,고산자연휴양림,2025-09-03 09:00; 2025-09-10 09:00; 2025-09-17 09:00,확정,6주 수요일,O  ( 4주 )  월요일  09시  오픈,35.96224205,127.2328719,정확(표준데이터 일치),고산자연휴양림,https://www.foresttrip.go.kr/indvz/main.do?hmpgId=ID02030025
공립,전북,임실군,성수산왕의숲자연휴양림,2025-09-03 09:00; 2025-09-10 09:00; 2025-09-17 09:00,확정,6주 수요일,O  화요일  09시  오픈,35.7175,127.153,권역중심(추정),,https://www.foresttrip.go.kr/pot/is/fs/selectFcltSrchView.do?hmpgId=FRIP&menuId=002001&searchNm=%EC%84%B1%EC%88%98%EC%82%B0%EC%99%95%EC%9D%98%EC%88%B2%EC%9E%90%EC%97%B0%ED%9C%B4%EC%96%91%EB%A6%BC
공립,전북,장수군,방화동자연휴양림,2025-09-03 09:00; 2025-09-10 09:00; 2025-09-17 09:00,확정,6주 수요일,O  ( 4주 )  월요일  09시  오픈,35.59064044,127.5268764,정확(표준데이터 일치),방화동자연휴양림,https://www.foresttrip.go.kr/indvz/main.do?hmpgId=ID02030082
공립,전북,장수군,와룡자연휴양림,2025-09-03 09:00; 2025-09-10 09:00; 2025-09-17 09:00,확정,6주 수요일,O  ( 4주 )  월요일  09시  오픈,35.67621885,127.4772179,정확(표준데이터 일치),와룡자연휴양림,https://www.foresttrip.go.kr/indvz/main.do?hmpgId=ID02030084
공립,전북,진안군,데미샘자연휴양림,2025-09-01 09:00,확정,익월말 비고,매월 1일 09시 오픈,35.6569938,127.4610402,정확(표준데이터 일치),데미샘자연휴양림,https://www.foresttrip.go.kr/indvz/main.do?hmpgId=ID02030074
공립,전북,진안군,데미샘자연휴양림,2025-09-01 09:00,확정,익월말 비고,매월 1일 09시 오픈,35.6569938,127.4610402,정확(표준데이터 일치),데미샘자연휴양림,https://www.foresttrip.go.kr/indvz/main.do?hmpgId=ID02030074
공립,전북,진안군,데미샘자연휴양림,2025-09-01 09:00,확정,익월말 비고,매월 1일 09시 오픈,35.656988,127.461036,정확(표준데이터 일치),데미샘자연휴양림,https://www.foresttrip.go.kr/indvz/main.do?hmpgId=ID02030074
공립,전북,진안군,데미샘자연휴양림,2025-09-01 09:00,확정,익월말 비고,매월 1일 09시 오픈,35.656988,127.461036,정확(표준데이터 일치),데미샘자연휴양림,https://www.foresttrip.go.kr/indvz/main.do?hmpgId=ID02030074
공립,광주전남,강진군,주작산자연휴양림,2025-09-01 10:00,확정,익월말 비고,매월 1일 10시 오픈,34.5172932,126.6989685,정확(표준데이터 일치),주작산자연휴양림,https://foresttrip.go.kr/indvz/main.do?hmpgId=ID02030060
공립,광주전남,고흥군,팔영산자연휴양림,2025-09-01 09:00,확정,익월말 비고,매월 1일 09시 오픈,34.62133127,127.4401371,정확(표준데이터 일치),팔영산자연휴양림,https://www.foresttrip.go.kr/indvz/main.do?hmpgId=ID02030069
공립,광주전남,광양시,광양백운산자연휴양림,2025-09-03 09:00; 2025-09-10 09:00; 2025-09-17 09:00,확정,6주 수요일,O  09시  오픈,36.5,127.9,권역중심(추정),,https://www.foresttrip.go.kr/pot/is/fs/selectFcltSrchView.do?hmpgId=FRIP&menuId=002001&searchNm=%EA%B4%91%EC%96%91%EB%B0%B1%EC%9A%B4%EC%82%B0%EC%9E%90%EC%97%B0%ED%9C%B4%EC%96%91%EB%A6%BC
공립,광주전남,구례군,산수유자연휴양림,2025-09-03 09:00; 2025-09-10 09:00; 2025-09-17 09:00,확정,6주 수요일,O  화요일  09시  오픈,35.299331,127.462969,정확(표준데이터 일치),산수유자연휴양림,https://www.foresttrip.go.kr/
공립,광주전남,보성군,제암산자연휴양림,2025-09-03 10:00; 2025-09-10 10:00; 2025-09-17 10:00,확정,6주 수요일,O  ( 3주 )  10시  오픈,34.70050454,126.9855053,정확(표준데이터 일치),제암산자연휴양림,https://www.foresttrip.go.kr/indvz/main.do?hmpgId=ID02030090
공립,광주전남,순천시,순천자연휴양림,2025-09-03 09:00; 2025-09-10 09:00; 2025-09-17 09:00,확정,6주 수요일,O  09시  오픈,35.043881,127.474495,정확(표준데이터 일치),순천자연휴양림,https://www.foresttrip.go.kr
공립,광주전남,여수시,여수봉황산자연휴양림,2025-09-03 09:00; 2025-09-10 09:00; 2025-09-17 09:00,확정,6주 수요일,O  09시  오픈,34.61470237,127.7617999,정확(표준데이터 일치),여수봉황산자연휴양림,https://www.foresttrip.go.kr/indvz/main.do?hmpgId=ID02030097
공립,광주전남,영암군,기찬자연휴양림,2025-09-01 09:00,확정,익월말 비고,매월 1일 09시 오픈,34.68865433,126.600295,정확(표준데이터 일치),기찬자연휴양림,https://www.foresttrip.go.kr/indvz/main.do?hmpgId=ID02030121
공립,광주전남,완도군,전라남도 완도자연휴양림,2025-09-03 09:00; 2025-09-10 09:00; 2025-09-17 09:00,확정,6주 수요일,O  09시  오픈,36.5,127.9,권역중심(추정),,https://www.foresttrip.go.kr/pot/is/fs/selectFcltSrchView.do?hmpgId=FRIP&menuId=002001&searchNm=%EC%A0%84%EB%9D%BC%EB%82%A8%EB%8F%84%20%EC%99%84%EB%8F%84%EC%9E%90%EC%97%B0%ED%9C%B4%EC%96%91%EB%A6%BC
공립,광주전남,해남군,흑석산자연휴양림,2025-09-03 09:00; 2025-09-10 09:00; 2025-09-17 09:00,확정,6주 수요일,O  09시  오픈,34.67093468,126.6169967,정확(표준데이터 일치),흑석산자연휴양림,https://www.foresttrip.go.kr/indvz/main.do?hmpgId=ID02030045
공립,광주전남,화순군,백아산자연휴양림,2025-09-03 09:00; 2025-09-10 09:00; 2025-09-17 09:00,확정,6주 수요일,O  09시  오픈,35.15137582,127.1671251,정확(표준데이터 일치),백아산자연휴양림,https://www.foresttrip.go.kr/indvz/main.do?hmpgId=ID02030098
공립,광주전남,화순군,한천자연휴양림,2025-09-03 09:00; 2025-09-10 09:00; 2025-09-17 09:00,확정,6주 수요일,O  09시  오픈,34.98834125,127.0454803,정확(표준데이터 일치),한천자연휴양림,https://www.foresttrip.go.kr/indvz/main.do?hmpgId=ID02030088
공립,대구경북,경주시,토함산자연휴양림,2025-09-01 09:00,확정,익월말 비고,매월 1일 09시 오픈,35.75854614,129.3671244,정확(표준데이터 일치),토함산자연휴양림,https://www.foresttrip.go.kr/indvz/main.do?hmpgId=ID02030027
공립,대구경북,고령군,미숭산자연휴양림,2025-09-03 09:00; 2025-09-10 09:00; 2025-09-17 09:00,확정,6주 수요일,O  09시  오픈,35.75077545,128.2028394,정확(표준데이터 일치),미숭산자연휴양림,https://misungsan.foresttrip.go.kr
공립,대구경북,구미시,옥성자연휴양림,2025-09-01 09:00,확정,익월말 비고,매월 1일 09시 오픈,36.27907203,128.2844292,정확(표준데이터 일치),옥성자연휴양림,https://www.foresttrip.go.kr/indvz/main.do?hmpgId=ID02030066
공립,대구경북,군위군,군위장곡자연휴양림,2025-09-03 09:00; 2025-09-10 09:00; 2025-09-17 09:00,확정,6주 수요일,O  09시  오픈,36.5,127.9,권역중심(추정),,https://www.foresttrip.go.kr/pot/is/fs/selectFcltSrchView.do?hmpgId=FRIP&menuId=002001&searchNm=%EA%B5%B0%EC%9C%84%EC%9E%A5%EA%B3%A1%EC%9E%90%EC%97%B0%ED%9C%B4%EC%96%91%EB%A6%BC
공립,대구경북,김천시,수도산자연휴양림,2025-09-01 09:00,확정,익월말 비고,매월 1일 09시 오픈,35.8918024,127.9838463,정확(표준데이터 일치),수도산 자연휴양림,https://www.foresttrip.go.kr/indvz/main.do?hmpgId=ID02030030
공립,대구경북,달성군,비슬산자연휴양림,2025-09-03 09:00; 2025-09-10 09:00; 2025-09-17 09:00,확정,6주 수요일,O  09시  오픈,35.690011,128.512902,정확(표준데이터 일치),비슬산자연휴양림,http://bisulsan.dssiseol.or.kr/bisulsan/html/main.html
공립,대구경북,달성군,화원자연휴양림,2025-09-03 09:00; 2025-09-10 09:00; 2025-09-17 09:00,확정,6주 수요일,O  09시  오픈,35.771792,128.536739,정확(표준데이터 일치),화원자연휴양림,http://hwawon.dssiseol.or.kr/hwawon/html/main.html
공립,대구경북,봉화군,문수산자연휴양림,2025-09-03 09:00; 2025-09-10 09:00; 2025-09-17 09:00,확정,6주 수요일,O  ( 5주 )  화요일  09시  오픈,36.950851,128.834816,정확(표준데이터 일치),문수산자연휴양림,https://www.foresttrip.go.kr/indvz/main.do?hmpgId=ID02030102
공립,대구경북,상주시,성주봉자연휴양림,2025-09-01 09:00,확정,익월말 비고,매월 1일 09시 오픈,36.53359844,128.0407595,정확(표준데이터 일치),성주봉자연휴양림,https://www.foresttrip.go.kr/indvz/main.do?hmpgId=ID02030039
공립,대구경북,성주군,독용산성자연휴양림,2025-09-03 09:00; 2025-09-10 09:00; 2025-09-17 09:00,확정,6주 수요일,O  09시  오픈,35.90636795,128.1344115,정확(표준데이터 일치),독용산성 자연휴양림,https://www.foresttrip.go.kr/indvz/main.do?hmpgId=ID02030004
공립,대구경북,안동시,안동호반자연휴양림,2025-09-03 10:00; 2025-09-10 10:00; 2025-09-17 10:00,확정,6주 수요일,O  10시  오픈,36.70343807,128.8288547,정확(표준데이터 일치),안동호반자연휴양림,https://www.foresttrip.go.kr/pot/is/fs/selectFcltSrchView.do?hmpgId=FRIP&menuId=002001&searchNm=%EC%95%88%EB%8F%99%ED%98%B8%EB%B0%98%EC%9E%90%EC%97%B0%ED%9C%B4%EC%96%91%EB%A6%BC
공립,대구경북,영양군,영양에코둥지,2025-09-05 09:00,확정,익월말 비고,매월 5일 09시 오픈,36.70182591,129.1124232,정확(표준데이터 일치),영양에코둥지,https://www.foresttrip.go.kr/indvz/main.do?hmpgId=ID02030057
공립,대구경북,영천시,보현산자연휴양림,2025-09-01 09:00,확정,익월말 비고,매월 1일 09시 오픈,36.14392724,128.9645019,정확(표준데이터 일치),보현산자연휴양림,https://bhforest.foresttrip.go.kr
공립,대구경북,영천시,운주산승마자연휴양림,2025-09-01 13:00,확정,익월말 비고,매월 1일 13시 오픈,36.03510258,128.996734,정확(표준데이터 일치),운주산승마자연휴양림,https://www.foresttrip.go.kr/indvz/main.do?hmpgId=ID02030081
공립,대구경북,울진군,구수곡자연휴양림,2025-09-03 09:00; 2025-09-10 09:00; 2025-09-17 09:00,확정,6주 수요일,O  09시  오픈,37.06212162,129.2929279,정확(표준데이터 일치),구수곡자연휴양림,https://www.foresttrip.go.kr
공립,대구경북,의성군,금봉자연휴양림,2025-09-01 09:00,확정,익월말 비고,매월 1일 09시 오픈,36.3360183,128.8807891,정확(표준데이터 일치),금봉자연휴양림,http://www.foresttrip.go.kr
공립,대구경북,청도군,청도자연휴양림,2025-09-03 09:00; 2025-09-10 09:00; 2025-09-17 09:00,확정,6주 수요일,O  09시  오픈,35.70657626,128.5426709,정확(표준데이터 일치),청도자연휴양림,https://www.foresttrip.go.kr/indvz/main.do?hmpgId=ID02030116
공립,대구경북,청송군,청송자연휴양림,2025-09-03 09:00; 2025-09-10 09:00; 2025-09-17 09:00,확정,6주 수요일,O  09시  오픈,36.3179023,129.0537598,정확(표준데이터 일치),청송자연휴양림,http://csong.foresttrip.go.kr/
공립,대구경북,칠곡군,송정자연휴양림,2025-09-03 09:00; 2025-09-10 09:00; 2025-09-17 09:00,확정,6주 수요일,O  09시  오픈,36.02333423,128.4416412,정확(표준데이터 일치),송정자연휴양림,https://www.foresttrip.go.kr/indvz/main.do?hmpgId=ID02030076
공립,대구경북,칠곡군,팔공산금화자연휴양림,2025-09-03 10:00; 2025-09-10 10:00; 2025-09-17 10:00,확정,6주 수요일,O  10시  오픈,36.05171899,128.5553512,정확(표준데이터 일치),팔공산금화자연휴양림,https://www.foresttrip.go.kr/pot/is/fs/selectFcltSrchView.do?hmpgId=FRIP&menuId=002001&searchNm=%ED%8C%94%EA%B3%B5%EC%82%B0%EA%B8%88%ED%99%94%EC%9E%90%EC%97%B0%ED%9C%B4%EC%96%91%EB%A6%BC
공립,대구경북,포항시 북구,비학산자연휴양림,2025-09-03 09:00; 2025-09-10 09:00; 2025-09-17 09:00,확정,6주 수요일,O  09시  오픈,36.14703337,129.2111071,정확(표준데이터 일치),비학산자연휴양림,https://www.foresttrip.go.kr/indvz/main.do?hmpgId=ID02030052
공립,부산경남,거제시,거제자연휴양림,2025-09-03 09:00; 2025-09-10 09:00; 2025-09-17 09:00,확정,6주 수요일,O  09시  오픈,34.78569918,128.6259431,정확(표준데이터 일치),거제자연휴양림,https://www.foresttrip.go.kr/indvz/main.do?hmpgId=ID02030059
공립,부산경남,거제시,거제자연휴양림,2025-09-03 09:00; 2025-09-10 09:00; 2025-09-17 09:00,확정,6주 수요일,O  09시  오픈,34.78569918,128.6259431,정확(표준데이터 일치),거제자연휴양림,https://www.foresttrip.go.kr/indvz/main.do?hmpgId=ID02030059
공립,부산경남,거제시,거제자연휴양림,2025-09-03 09:00; 2025-09-10 09:00; 2025-09-17 09:00,확정,6주 수요일,O  09시  오픈,34.7856966,128.625968,정확(표준데이터 일치),거제자연휴양림,https://www.foresttrip.go.kr/indvz/main.do?hmpgId=ID02030059
공립,부산경남,거제시,거제자연휴양림,2025-09-03 09:00; 2025-09-10 09:00; 2025-09-17 09:00,확정,6주 수요일,O  09시  오픈,34.7856966,128.625968,정확(표준데이터 일치),거제자연휴양림,https://www.foresttrip.go.kr/indvz/main.do?hmpgId=ID02030059
공립,부산경남,거창군,거창산림레포츠파크,2025-09-03 09:00; 2025-09-10 09:00; 2025-09-17 09:00,확정,6주 수요일,O  09시  오픈,36.5,127.9,권역중심(추정),,https://www.foresttrip.go.kr/pot/is/fs/selectFcltSrchView.do?hmpgId=FRIP&menuId=002001&searchNm=%EA%B1%B0%EC%B0%BD%EC%82%B0%EB%A6%BC%EB%A0%88%ED%8F%AC%EC%B8%A0%ED%8C%8C%ED%81%AC
공립,부산경남,거창군,거창항노화힐링랜드,2025-09-03 14:00; 2025-09-10 14:00; 2025-09-17 14:00,확정,6주 수요일,O  ( 5주 )  월요일  14시  오픈,35.73662049,128.0408983,정확(표준데이터 일치),거창 항노화 힐링랜드,http://healingland.foresttrip.go.kr/
공립,부산경남,거창군,금원산자연휴양림,2025-09-03 09:00; 2025-09-10 09:00; 2025-09-17 09:00,확정,6주 수요일,O  09시  오픈,36.5,127.9,권역중심(추정),,https://www.foresttrip.go.kr/pot/is/fs/selectFcltSrchView.do?hmpgId=FRIP&menuId=002001&searchNm=%EA%B8%88%EC%9B%90%EC%82%B0%EC%9E%90%EC%97%B0%ED%9C%B4%EC%96%91%EB%A6%BC
공립,부산경남,고성군,갈모봉 자연휴양림,2025-09-03 09:00; 2025-09-10 09:00; 2025-09-17 09:00,확정,6주 수요일,O  09시  오픈,36.5,127.9,권역중심(추정),,https://www.foresttrip.go.kr/pot/is/fs/selectFcltSrchView.do?hmpgId=FRIP&menuId=002001&searchNm=%EA%B0%88%EB%AA%A8%EB%B4%89%20%EC%9E%90%EC%97%B0%ED%9C%B4%EC%96%91%EB%A6%BC
공립,부산경남,밀양시,밀양 도래재자연휴양림,2025-09-01 09:00,확정,익월말 비고,매월 1일 09시 오픈,35.55632931,128.9390583,정확(표준데이터 일치),밀양도래재자연휴양림,https://www.foresttrip.go.kr/pot/is/fs/selectFcltSrchView.do?hmpgId=FRIP&menuId=002001&searchNm=%EB%B0%80%EC%96%91%20%EB%8F%84%EB%9E%98%EC%9E%AC%EC%9E%90%EC%97%B0%ED%9C%B4%EC%96%91%EB%A6%BC
공립,부산경남,사천시,사천 케이블카 자연휴양림,2025-09-03 09:00; 2025-09-10 09:00; 2025-09-17 09:00,확정,6주 수요일,O  09시  오픈,34.95001993,128.0612733,정확(표준데이터 일치),사천 케이블카 자연휴양림,https://www.foresttrip.go.kr/indvz/main.do?hmpgId=ID02030112
공립,부산경남,산청군,산청한방자연휴양림,2025-09-03 09:00; 2025-09-10 09:00; 2025-09-17 09:00,확정,6주 수요일,O  09시  오픈,36.5,127.9,권역중심(추정),,https://www.foresttrip.go.kr/pot/is/fs/selectFcltSrchView.do?hmpgId=FRIP&menuId=002001&searchNm=%EC%82%B0%EC%B2%AD%ED%95%9C%EB%B0%A9%EC%9E%90%EC%97%B0%ED%9C%B4%EC%96%91%EB%A6%BC
공립,부산경남,양산시,대운산자연휴양림,2025-09-03 09:00; 2025-09-10 09:00; 2025-09-17 09:00,확정,6주 수요일,O  09시  오픈,35.41785462,129.2088998,정확(표준데이터 일치),대운산자연휴양림,https://www.foresttrip.go.kr/indvz/main.do?hmpgId=ID02030038
공립,부산경남,의령군,자굴산 자연휴양림,2025-09-03 09:00; 2025-09-10 09:00; 2025-09-17 09:00,확정,6주 수요일,O  ( 4주 )  09시  오픈,35.37763031,128.208971,정확(표준데이터 일치),자굴산 자연휴양림,https://www.foresttrip.go.kr/indvz/main.do?hmpgId=ID02030113
공립,부산경남,진주시,진주 월아산 자연휴양림,2025-09-03 09:00; 2025-09-10 09:00; 2025-09-17 09:00,확정,6주 수요일,O  09시  오픈,35.19991568,128.1941259,정확(표준데이터 일치),진주 월아산 자연휴양림,https://www.foresttrip.go.kr/indvz/main.do?hmpgId=ID02030114
공립,부산경남,창녕군,화왕산자연휴양림,2025-09-03 09:00; 2025-09-10 09:00; 2025-09-17 09:00,확정,6주 수요일,O  09시  오픈,35.54697823,128.5673185,정확(표준데이터 일치),화왕산자연휴양림,https://www.foresttrip.go.kr/indvz/main.do?hmpgId=ID02030015
공립,부산경남,하동군,구재봉자연휴양림,2025-09-03 09:00; 2025-09-10 09:00; 2025-09-17 09:00,확정,6주 수요일,O  ( 4주 )  09시  오픈,35.12895794,127.7440937,정확(표준데이터 일치),구재봉자연휴양림,https://www.foresttrip.go.kr/indvz/main.do?hmpgId=ID02030072
공립,부산경남,하동군,하동편백자연휴양림,2025-09-03 09:00; 2025-09-10 09:00; 2025-09-17 09:00,확정,6주 수요일,O  ( 4주 )  09시  오픈,35.18703884,127.8398597,정확(표준데이터 일치),하동편백자연휴양림,https://www.foresttrip.go.kr/indvz/main.do?hmpgId=ID02030103
공립,부산경남,하동군,하동편백자연휴양림,2025-09-03 09:00; 2025-09-10 09:00; 2025-09-17 09:00,확정,6주 수요일,O  ( 4주 )  09시  오픈,35.18703884,127.8398597,정확(표준데이터 일치),하동편백자연휴양림,https://www.foresttrip.go.kr/indvz/main.do?hmpgId=ID02030103
공립,부산경남,하동군,하동편백자연휴양림,2025-09-03 09:00; 2025-09-10 09:00; 2025-09-17 09:00,확정,6주 수요일,O  ( 4주 )  09시  오픈,35.18703884,127.8398597,정확(표준데이터 일치),하동편백자연휴양림,https://www.foresttrip.go.kr/indvz/main.do?hmpgId=ID02030103
공립,부산경남,하동군,하동편백자연휴양림,2025-09-03 09:00; 2025-09-10 09:00; 2025-09-17 09:00,확정,6주 수요일,O  ( 4주 )  09시  오픈,35.18703884,127.8398597,정확(표준데이터 일치),하동편백자연휴양림,https://www.foresttrip.go.kr/indvz/main.do?hmpgId=ID02030103
공립,부산경남,함양군,대봉산자연휴양림,2025-09-03 09:00; 2025-09-10 09:00; 2025-09-17 09:00,확정,6주 수요일,O  ( 3주 )  09시  오픈,35.57794141,127.7150294,정확(표준데이터 일치),대봉산자연휴양림,https://www.foresttrip.go.kr/indvz/main.do?hmpgId=ID02030046
공립,부산경남,함양군,대봉캠핑랜드,2025-09-03 10:00; 2025-09-10 10:00; 2025-09-17 10:00,확정,6주 수요일,O  ( 4주 )  월요일  10시  오픈,35.58818277,127.6790131,정확(표준데이터 일치),대봉캠핑랜드,https://www.hygn.go.kr/02149/02214/02216.web
공립,부산경남,함양군,산삼자연휴양림,2025-09-03 09:00; 2025-09-10 09:00; 2025-09-17 09:00,확정,6주 수요일,O  ( 3주 )  09시  오픈,35.6945248,127.6568273,정확(표준데이터 일치),산삼자연휴양림,https://www.foresttrip.go.kr/indvz/main.do?hmpgId=ID02030048
공립,부산경남,함양군,용추자연휴양림,2025-09-03 09:00; 2025-09-10 09:00; 2025-09-17 09:00,확정,6주 수요일,O  ( 3주 )  09시  오픈,35.6961266,127.7578596,정확(표준데이터 일치),용추자연휴양림,https://www.foresttrip.go.kr/indvz/main.do?hmpgId=ID02030047
공립,부산경남,합천군,오도산자연휴양림,2025-09-01 09:00,확정,익월말 비고,매월 1일 09시 오픈,35.66525101,128.0528925,정확(표준데이터 일치),오도산 자연휴양림,https://www.foresttrip.go.kr/indvz/main.do?hmpgId=ID02030068
공립,제주,서귀포시,붉은오름자연휴양림,2025-09-01 09:00,확정,익월말 비고,매월 1일 09시 오픈,33.401429,126.675671,정확(표준데이터 일치),붉은오름자연휴양림,https://www.foresttrip.go.kr/indvz/main.do?hmpgId=ID02030014
공립,제주,서귀포시,서귀포자연휴양림,2025-09-03 09:00; 2025-09-10 09:00; 2025-09-17 09:00,확정,6주 수요일,O  09시  오픈,33.3115002,126.458761,정확(표준데이터 일치),서귀포자연휴양림,https://www.foresttrip.go.kr/indvz/main.do?hmpgId=ID02030013
공립,제주,제주시,교래자연휴양림,2025-09-01 09:00,확정,익월말 비고,매월 1일 09시 오픈,33.4996213,126.5311884,지자체중심(추정),,https://www.foresttrip.go.kr/pot/is/fs/selectFcltSrchView.do?hmpgId=FRIP&menuId=002001&searchNm=%EA%B5%90%EB%9E%98%EC%9E%90%EC%97%B0%ED%9C%B4%EC%96%91%EB%A6%BC
공립,제주,제주시,제주절물자연휴양림,2025-09-03 09:00; 2025-09-10 09:00; 2025-09-17 09:00,확정,6주 수요일,O  09시  오픈,33.4996,126.5312,권역중심(추정),,https://www.foresttrip.go.kr/pot/is/fs/selectFcltSrchView.do?hmpgId=FRIP&menuId=002001&searchNm=%EC%A0%9C%EC%A3%BC%EC%A0%88%EB%AC%BC%EC%9E%90%EC%97%B0%ED%9C%B4%EC%96%91%EB%A6%BC
사립,서울인천경기,가평군,청평자연휴양림,2025-09-01 00:00,확정,익월말 비고,매월 1일 00시 오픈,37.711801,127.40724,정확(표준데이터 일치),청평자연휴양림,https://www.foresttrip.go.kr/indvz/main.do?hmpgId=ID04030007
사립,서울인천경기,강화군,강화자연휴양림,2025-09-03 09:00; 2025-09-10 09:00; 2025-09-17 09:00,확정,6주 수요일,O  09시  오픈,37.71482742,126.453839,정확(표준데이터 일치),강화자연휴양림,https://foresttrip.go.kr
사립,서울인천경기,양평군,양평설매재자연휴양림,2025-09-01 09:00,확정,익월말 비고,매월 1일 09시 오픈,37.4912195,127.4875607,지자체중심(추정),,https://www.foresttrip.go.kr/pot/is/fs/selectFcltSrchView.do?hmpgId=FRIP&menuId=002001&searchNm=%EC%96%91%ED%8F%89%EC%84%A4%EB%A7%A4%EC%9E%AC%EC%9E%90%EC%97%B0%ED%9C%B4%EC%96%91%EB%A6%BC
사립,강원,삼척시,삼척활기자연휴양림,2025-09-03 09:00; 2025-09-10 09:00; 2025-09-17 09:00,확정,6주 수요일,O  ( 8주 )  09시  오픈,37.38099374,129.0601226,정확(표준데이터 일치),삼척활기자연휴양림,https://www.foresttrip.go.kr/indvz/main.do?hmpgId=ID02030104
사립,강원,원주시,피노키오자연휴양림,2025-09-03 09:00; 2025-09-10 09:00; 2025-09-17 09:00,확정,6주 수요일,O  09시  오픈,37.8228,128.1555,권역중심(추정),,https://www.foresttrip.go.kr/pot/is/fs/selectFcltSrchView.do?hmpgId=FRIP&menuId=002001&searchNm=%ED%94%BC%EB%85%B8%ED%82%A4%EC%98%A4%EC%9E%90%EC%97%B0%ED%9C%B4%EC%96%91%EB%A6%BC
사립,강원,횡성군,횡성자연휴양림,2025-09-03 09:00; 2025-09-10 09:00; 2025-09-17 09:00,확정,6주 수요일,O  09시  오픈,37.53904383,128.1118525,정확(표준데이터 일치),횡성자연휴양림,http://www.hsrf.co.kr
사립,전북,남원시,남원자연휴양림,2025-09-03 09:00; 2025-09-10 09:00; 2025-09-17 09:00,확정,6주 수요일,O  09시  오픈,35.458117,127.415508,정확(표준데이터 일치),남원자연휴양림,https://www.foresttrip.go.kr
사립,광주전남,화순군,무등산편백자연휴양림,2025-09-03 09:00; 2025-09-10 09:00; 2025-09-17 09:00,확정,6주 수요일,O  09시  오픈,36.5,127.9,권역중심(추정),,https://www.foresttrip.go.kr/pot/is/fs/selectFcltSrchView.do?hmpgId=FRIP&menuId=002001&searchNm=%EB%AC%B4%EB%93%B1%EC%82%B0%ED%8E%B8%EB%B0%B1%EC%9E%90%EC%97%B0%ED%9C%B4%EC%96%91%EB%A6%BC
사립,대구경북,예천군,학가산우래자연휴양림,2025-09-03 09:00; 2025-09-10 09:00; 2025-09-17 09:00,확정,6주 수요일,O  09시  오픈,36.677929,128.592876,정확(표준데이터 일치),학가산우래자연휴양림,http://www.hakasan.co.kr/
사립,부산경남,하동군,덕원자연휴양림,2025-09-03 09:00; 2025-09-10 09:00; 2025-09-17 09:00,확정,6주 수요일,O  09시  오픈,36.5,127.9,권역중심(추정),,https://www.foresttrip.go.kr/pot/is/fs/selectFcltSrchView.do?hmpgId=FRIP&menuId=002001&searchNm=%EB%8D%95%EC%9B%90%EC%9E%90%EC%97%B0%ED%9C%B4%EC%96%91%EB%A6%BC
